RegNo,Place
AN01,"Port Blair, Andaman District"
AN02,"Car Nicobar, Nicobar District"
AP01,Nirmal
AP01,Mancherial
AP01,Adilabad
AP02,Anantapur / Hindupur
AP03,Chittoor / Tirupati / Madanapalle / Rajampet
AP04,Kadapa / Proddatur
AP05,Kakinada / Amalapuram / Rajahmundry
AP06,Kakinada
AP07,Guntur / Piduguralla / Narasaraopet / Repalle
AP08,Guntur
AP09,"Khairtabad, Hyderabad District"
AP10,"Secunderabad, Hyderabad District"
AP11,"Malakpet, Hyderabad District"
AP12,"Bahadurpura, Hyderabad District"
AP13,"Mehdipatnam, Hyderabad District"
AP14,Karimnagar
AP15,Karimnagar / Jagtial / Peddapalli
AP16 & AP17,Bejawada / Gudivada / Machilipatnam / Nandigama
AP18 & AP19,Nuzvid
AP20,Khammam / Kothagudem / Sathupally / Yellandu
AP21,Kurnool / Adoni / Nandyal
AP22,Mahaboobnagar / Pebbair / Gadwal
AP23,Medak / Siddipet / Sangareddy (RC puram)
AP24,Nalgonda / Bhongir / Suryapet
AP25,Nizamabad / Kamareddy
AP26,Nellore / Kavali / Gudur / Sullurpeta
AP27,Ongole / Chirala / Markapur / Prakasam
AP28 & AP29,Rangareddy
AP30,Srikakulam /Tekkali /Palasa/Sompeta/Ichchapuram/Kaviti
AP31,Visakhapatnam / Gajuwaka / Anakapalli
AP32,Visakhapatnam
AP33 & AP34,Gajuwaka
AP35,Vizianagaram
AP36,Warangal / Jangaon / Mahabubabad
AP37,Eluru / Jangareddygudem / Kovvur / Tadepalligudem / Tanuku / Bhimavaram / Palakollu / Chintalapudi
AR01,Itanagar
AR02,Itanagar (commercial vehicles of state transport)
AR03,Tawang
AR04,Bomdila
AR05,Seppa
AR06,Ziro
AR07,Daporijo
AR08,Along
AR09,Pasighat
AR10,Anini
AR11,Tezu
AR12,Changlang
AR13,Khonsa
AR14,Yingkiong
AS01,"Guwahati, Kamrup"
AS02,Nagaon
AS03,Jorhat
AS04,Sibsagar
AS05,Golaghat
AS06,Dibrugarh
AS07,Lakhimpur district
AS08,Dima Hasao
AS09,Karbi Anglong
AS10,Karimganj
AS11,Cachar
AS12,Sonitpur
AS13,Darrang
AS14,Nalbari
AS15,Barpeta
AS16,Kokrajhar
AS17,Dhubri
AS18,Goalpara
AS19,Bongaigaon
AS21,Marigaon
AS22,Dhemaji
AS23,Tinsukia
AS24,Hailakandi
AS25,Guwahati no longer used
AS27,Udalguri
AS20,Assam State Transport Corporation (ASTC)
AS30,Assam Police vehicles
AS31,Assam Police
BR01,Patna
BR02,Gaya
BR03,Bhojpur
BR04,Chapra
BR05,Motihari
BR06,Muzaffarpur
BR07,Darbhanga
BR08,Munger
BR09,Begusarai
BR10,Bhagalpur
BR11,Purnea
BR18,Chaibasa
BR19,Saharsa
BR20,(not allotted after Jharkhand Division)
BR21,Nalanda
BR22,Bettiah
BR23,Giridih
BR24,Dehri
BR25,Jehanabad
BR26,Aurangabad
BR27,Nawada
BR28,Gopalganj
BR29,Siwan
BR30,Sitamarhi
BR31,Vaishali district
BR32,Madhubani
BR33,Samastipur
BR34,Khagaria
BR35,(not allotted after Jharkhand Division)
BR36,(not allotted after Jharkhand Division)
BR37,Kishanganj
BR38,Araria
BR39,Katihar
BR40,(not allotted after Jharkhand Division)
BR41,(not allotted after Jharkhand Division)
BR42,(not allotted after Jharkhand Division)
BR43,Madhepura
BR44,Buxar
BR45,Bhabua
BR46,Jamui
BR47,Koderma
BR50,Supaul
BR51,Banka
BR52,Sheikhpura
BR53,Lakhisarai
BR54,(not allotted)
BR55,(not allotted)
BR56,Arwal
CG01,Governor of Chattisgarh
CG02,Government of Chattisgarh
CG03,Chattisgarh Police
CG04,Raipur
CG05,Dhamtari
CG06,Mahasamund
CG07,Durg
CG08,Rajnandgaon
CG09,Kawardha
CG10,Bilaspur
CG11,JanjgirChampa
CG12,Korba
CG13,Raigarh
CG14,Jashpur
CG15,Ambikapur
CG16,Baikunthpur
CG17,Jagdalpur
CG18,Dantewada
CG19,Kanker
CG20,Bijapur
CH01,Chandigarh
CH01 G,Chandigarh  Government Vehicles
CH02,Chandigarh  Commercial Vehicles
CH03,Chandigarh
CH04,Chandigarh
DD02,Diu
DD03,Daman
DL01,Delhi North: Mall Road
DL02,New Delhi: Tilak Marg
DL03,South Delhi South: Sheikh Sarai
DL04,West Delhi West 1: West Janakpuri
DL05,North East Delhi: Loni Road
DL06,Central Delhi Central: Sarai Kale Khan
DL07,East Delhi East 1: Mayur Vihar
DL08,North West Delhi 1: Wazir Pur
DL09,South West Delhi South West 1: Janakpuri / Palam
DL10,West DelhiII: Raja Garden
DL11,North West Delhi North West Zone II: Rohini
DL12,South West Delhi South West II: Vasant Vihar
DL13,East Delhi II: Surajmal Vihar / Shahdara
DL14,"Sonipat due to the NCR, effectively situated in Haryana"
DL15,"Gurgaon due to the NCR, effectively situated in Haryana"
DL16,"Faridabad due to the NCR, effectively situated in Haryana"
DL17,"Noida due to the NCR, effectively situated in Uttar Pradesh"
DL18,"Ghaziabad due to the NCR, effectively situated in Uttar Pradesh"
DL1L,Delhi for trucks
DL1N,Delhi for nonresident Indians
DL1P,Delhi for commercial buses
DL1R,Delhi for auto rickshaws and radio taxis
DL1T,Delhi for commercial taxis
DL1Y,Delhi for commercial private taxis
DN09,Silvassa
GA01,Panaji
GA02,Margao
GA03,Mapusa
GA04,Bicholim
GA05,Ponda
GA06,Vasco da Gama
GA07,Panaji
GA08,Margao
GA09,Quepem
GA10,Canacona
GA11,Pernem
GJ01,Ahmedabad
GJ02,Mehsana
GJ03,Rajkot
GJ04,Bhavnagar
GJ05,Surat
GJ06,Vadodara
GJ07,Kheda
GJ08,Palanpur
GJ09,Sabarkantha
GJ10,Jamnagar
GJ11,Junagadh
GJ12,Kutch
GJ13,Surendranagar
GJ14,Amreli
GJ15,Valsad
GJ16,Bharuch
GJ17,Panchmahal (Godhara)
GJ18,Gandhinagar
GJ19,Bardoli
GJ20,Dahod
GJ21,Navsari
GJ22,Narmada
GJ23,Anand
GJ24,Patan
GJ25,Porbandar
GJ26,Vyara
GJ27,East Ahmedabad
GJ28,West Surat
GJ29,Vadodara rural
GJ30,East Rajkot
HP01 & HP02,Shimla  Urban (tourist buses & taxis)
HP03,Shimla  Urban
HP04,Dharamsala (autorikshaws)
HP05,Mandi (autorikshaws)
HP06,Rampur Bushar
HP07,Shimla
HP08,Chaupal
HP09,Theog
HP10,Rohru
HP11,Arki
HP12,Nalagarh
HP13,Kandaghat
HP14,Solan
HP15,Parwanoo
HP16,Rajgarh
HP17,Paonta Sahib
HP18,Nahan
HP19,Amb
HP20,Una
HP21,Barsar
HP22,Hamirpur
HP23,Ghumarwin
HP24,Bilaspur
HP25,Kalpa
HP26,Nichar (Bhaba Nagar)
HP27,Pooh
HP28,Sarkaghat
HP29,Jogindernagar
HP30,Karsog
HP31,Sundernagar
HP32,Mandi
HP33,Mandi
HP34,Kullu
HP35,Anni
HP36,Dehra
HP37,Palampur
HP38,Nurpur
HP39,Dharamshala
HP40,Kangra
HP41,Kaza
HP42,Keylong
HP43,Udaipur
HP44,Churah
HP45,Pangi
HP46,Bharmour
HP47,Dalhousie
HP48,Chamba
HP49,Banjar
HP50,Shimla (autorikshaws)
HP51 & HP52,Shimla (rural)
HP53,Baijnath
HP54,Jawali
HP55,Nadaun / Hamirpur
HP56,Jaisinghpur
HP57,Chowari
HP58,Manali
HP62,DodraKwar
HP63,Shimla
HP64,Solan
HP65,Mandi
HP66,Kullu
HP67,Hamirpur
HP68,Kangra
HP69,Bilaspur
HP71,Nahan
HP72,Una
HP73,Chamba
HP74,Bhoranj
HP76,Paddhar
HR01,"Ambala (HR 01 GA for trucks; HR 01 PA, PB, PC so on for tourist buses; see also HR37)"
HR02,Yamuna Nagar
HR03,Panchkula
HR04,Naraingarh
HR05,Karnal
HR06,Panipat
HR07,Kuru
HR08,Kaithal
HR09,Guhla
HR10,Sonepat
HR11,Gohana
HR12,Rohtak
HR13,Bahadurgarh
HR14,Jhajjar
HR15,Meham
HR16,Bhiwani
HR17,Siwani
HR18,Loharu
HR19,Charkhi Dadri
HR20,Hisar
HR21,Hansi
HR22,Fatehabad
HR23,Tohana
HR24,Sirsa
HR25,Dabwali
HR26,Gurgaon
HR27,Nuh
HR28,Ferozepur Jhirka
HR29,Ballabgarh
HR30,Palwal
HR31,Jind
HR32,Narwana
HR33,Safidon
HR34,Mohindergarh
HR35,Narnaul
HR36,Rewari
HR37,Ambala (commercial vehicles only)
HR38,Faridabad (commercial vehicles only)
HR39,Hisar (commercial vehicles only)
HR40,Assandh
HR41,Pehowa
HR42,Ganaur
HR43,Kosli
HR44,Ellenabad
HR45,Karnal (commercial vehicles only)
HR46,Rohtak (commercial vehicles only)
HR47,Rewari (commercial vehicles only)
HR48,Tosham
HR49,Kalka
HR50,Hodal
HR51,Faridabad
HR52,Hatin
HR53,Adampur
HR54,Ambala  Barara
HR55,Gurgaon (commercial vehicles only)
HR56,Jind (commercial vehicles only)
HR57,Sirsa (commercial vehicles only)
HR58,"Jagadhari, Yamuna Nagar (commercial vehicles only)"
HR59,Ratia
HR60,Samalkha
HR61,Bhiwani (commercial vehicles only)
HR62,Fatehabad (commercial vehicles only)
HR63,Jhajjar (commercial vehicles only)
HR64,Kaithal (commercial vehicles only)
HR65,Kurukshetra (commercial vehicles only)
HR66,Narnaul (commercial vehicles only)
HR67,Panipat (commercial vehicles only)
HR68,Panchkula (commercial vehicles only)
HR69,Sonipat (commercial vehicles only)
HR70,This series belongs to the Transport Commissioner in Chandigarh
HR71,Bilaspur
HR72,Gurgaon (South)
HR73,Palwal
HR74,Mewat (Nuh)
HR75,Indri
HR76,Pataudi
HR77,Beri
HR78,Sahabad
HR79,Kharkhoda
HR80,Barwala
HR86,Sonipat
HR88,Kundli
HR99,(temporary numbers)
JH01,Ranchi
JH02,Hazaribagh / Ramgarh
JH03,Daltonganj
JH04,Dumka
JH05,Jamshedpur
JH06,Chaibasa
JH07,Gumla
JH08,Lohardaga
JH09,Bokaro Steel City
JH10,Dhanbad
JH11,Giridih
JH12,Koderma
JH13,Chatra
JH14,Garhwa
JH15,Deoghar
JH16,Pakur
JH17,Godda
JH18,Sahibganj
JH19,Latehar
JH20,Simdega
JH21,Jamtara
JH22,SaraikelaKharsawan
JK01,Srinagar
JK02,Jammu
JK03,Anantnag
JK04,Budgam
JK05,Baramulla
JK06,Doda
JK07,Kargil
JK08,Kathua
JK09,Kupwara
JK10,Leh
JK11,Rajouri
JK12,Poonch
JK13,Pulwama
JK14,Udhampur
JK15,Bandipora
JK16,Ganderbal
JK17,Kishtwar
JK18,Kulgam
JK19,Ramban
JK20,Reasi
JK21,Samba
JK22,Shopian
KA01,Bangalore Central (Koramangala)
KA02,Bangalore West (Rajajinagar)
KA03,Bangalore East (Indiranagar)
KA04,Bangalore North (Yeshwanthpur)
KA05,Bangalore South (Jayanagar)]]
KA06,Tumkur
KA07,Kolar
KA08,Kolar Gold Fields (KGF)
KA09,Mysore West
KA10,Chamrajnagar
KA11,Mandya
KA12,Madikeri
KA13,Hassan
KA14,Shimoga
KA15,Sagara
KA16,Chitradurga
KA17,Davangere
KA18,Chickmagalur
KA19,Mangalore
KA20,Udupi
KA21,Puttur / Sullia
KA22,Belgaum
KA23,Chikkodi
KA24,Bailhongal
KA25,Dharwad
KA26,Gadag
KA27,Haveri
KA28,Bijapur
KA29,Bagalkot
KA30,Karwar
KA31,Sirsi
KA32,Gulbarga
KA33,Yadgir
KA34,Bellary
KA35,Hospet
KA36,Raichur
KA37,Koppal
KA38,Bidar
KA39,Bhalki
KA40,Chikkaballapur
KA41,"Rajarajeshwari Nagar, Bangalore Urban district"
KA42,Ramanagara
KA43,"Devanahalli, Bangalore Rural district"
KA44,Tiptur
KA45,Hunsur
KA46,Sakleshpur
KA47,Honnavar
KA48,Jamkhandi
KA49,Gokak
KA50,"Yelahanka, Bangalore Urban district"
KA51,"Electronics City, Bangalore Urban district"
KA52,"Nelamangala, Bangalore Urban district"
KA53,"K.R. Puram, Bangalore Urban district"
KA54,Nagamangala
KA55,Mysore East
KA56,Basavakalyan
KA57,"Shantinagar, Bangalore Urban district (only for KSRTC, BMTC and autos[1])"
KL01,Thiruvananthapuram City
KL02,Kollam
KL03,Pathanamthitta
KL04,Alappuzha
KL05,Kottayam
KL06,Idukki
KL07,Eranakulam
KL08,Thrissur
KL09,Palakkad
KL10,Malappuram
KL11,Kozhikode
KL12,Wayanad
KL13,Kannur
KL14,Kasargode
KL15,Thiruvananthapuram (Kerala State Road Transport Corporation buses)
KL16,ThiruvananthapuramAttingal
KL17,Muvattupuzha
KL18,Vadakara
KL19,ThiruvananthapuramParassala
KL20,ThiruvananthapuramNeyyattinkara
KL21,ThiruvananthapuramNedumangad
KL22,Kazhakkoottam
KL23,Karunagapally
KL24,Kottarakara
KL25,Punalur
KL26,Adoor
KL27,Thiruvalla
KL28,Mallappally
KL29,Kayamkulam
KL30,Chengannur
KL31,Mavelikara
KL32,Cherthala
KL33,Changanassery
KL34,Kanjirappally
KL35,Pala
KL36,Vaikom
KL37,Vandiperiyar
KL38,Thodupuzha
KL39,Thripunithura
KL40,Perumbavoor
KL41,Aluva
KL42,North Paravur
KL43,Mattancherry
KL44,kothamangalam
KL45,Irinjalakuda
KL46,Guruvayur
KL47,Kodungallur
KL48,Wadakkancherry
KL49,Alathur
KL50,Mannarghat
KL51,Ottappalam
KL52,Pattambi
KL53,Perinthalmanna
KL54,Ponnani
KL55,Tirur
KL56,Koyilandi
KL57,Koduvally
KL58,Thalassery
KL59,Thaliparamba
KL60,Kanhangad
KL61,Kunnathur
KL62,Ranni
KL63,Angamaly
KL64,Chalakkudy
KL65,Thirurangadi
LD01,Kavaratti
MH01,Mumbai (Central)  RTO is located in Tardeo
MH02,Mumbai (West)  RTO is located in Andheri West
MH03,Mumbai (East)  RTO is located in Wadala
MH04,Thane
MH05,"Thane (Central Suburbs): Kalyan, Dombivli, Ulhasnagar, Ambernath and Badlapur  RTO is located in Kalyan"
MH06,"Raigad  RTO is located in Pen (does not include Navi Mumbai, Kharghar to Panvel to Pen)"
MH07,Sindhudurg
MH08,Ratnagiri
MH09,Kolhapur
MH10,Sangli
MH11,Satara
MH12,Pune
MH13,Solapur
MH14,Pune (Outskirts)  RTO is located in PimpriChinchwad
MH15,Nashik
MH16,Ahmednagar
MH17,Shrirampur
MH18,Dhule
MH19,Jalgaon
MH20,Aurangabad
MH21,Jalna
MH22,Parbhani
MH23,Beed
MH24,Latur
MH25,Osmanabad
MH26,Nanded
MH27,Amravati
MH28,Buldana
MH29,Yavatmal  RTO is located on Nagpur Road
MH30,Akola
MH31,Nagpur
MH32,Wardha
MH33,Gadchiroli
MH34,Chandrapur
MH35,Gondia
MH36,Bhandara
MH37,Washim
MH38,Hingoli
MH39,Nandurbar
MH40,"Wadi, Nagpur (rural)"
MH41,Malegaon
MH42,Baramati
MH43,Navi Mumbai  RTO is located in Vashi (Sanpada)
MH44,Ambejogai
MH45,Akluj
MH46,Panvel
MH47,"Borivali, Mumbai (Western Suburbs from Goregaon to Dahisar)[2]"
MH48,Vasai Thane (Western Suburbs from Vasai)  RTO is located in Virar
MH49,Nagpur (East)  RTO is located on Bhandara Road
MH50,Karad (Satara Rural)  RTO is located in Karad
ML01,Shillong (government vehicles)
ML02,Shillong (police vehicles)
ML03,Shillong (vehicles owned by transport corporations)
ML04,Jaintia Hills
ML05,East Khasi Hills
ML06,West Khasi Hills
ML07,East Garo Hills
ML08,West Garo Hills
ML09,South Garo Hills
ML10,RiBhoi
MN01,Imphal
MN02,Churachandpur
MN03,Kangpokpi
MN04,Thoubal
MP01,State Governor's Vehicle
MP02,M.P. Government Vehicle
MP03,M.P. Police Vehicle
MP04,Bhopal
MP05,Hoshangabad
MP06,Morena
MP07,Gwalior
MP08,Guna
MP09,Indore
MP10,Khargone
MP11,Dhar
MP12,Khandwa
MP13,Ujjain
MP14,Mandsaur
MP15,Sagar
MP16,Chhatarpur
MP17,Rewa
MP18,Shahdol
MP19,Satna
MP20,Jabalpur
MP21,Katni
MP22,Seoni
MP23,Raipur (not in use)
MP24,Durg (not in use)
MP25,Jagdalpur (not in use)
MP26,Bilaspur (not in use)
MP27,Ambikapur (not in use)
MP28,Chhindwara
MP29,Rajnandgaon (not in use)
MP30,Bhind
MP31,Sheopur
MP32,Datia
MP33,Shivpuri
MP34,Damoh
MP35,Panna
MP36,Tikamgarh
MP37,Sehore
MP38,Raisen
MP39,Rajgarh
MP40,Vidisha
MP41,Dewas
MP42,Shajapur
MP43,Ratlam
MP44,Neemuch
MP45,Jhabua
MP46,Badwani
MP47,Harda
MP48,Betul
MP49,Narsinghpur
MP50,Balaghat
MP51,Mandla
MP52,Dindori
MP53,Sidhi
MP54,Umariya
MP55,not in use
MP56,not in use
MP57,(not alloted)
MP58,not in use
MP59,(not alloted)
MP60,(not alloted)
MP61,(not alloted)
MP62,(not alloted)
MP63,(not alloted)
MP64,(not alloted)
MP65,Anoopur
MP66,Singrauli
MP67,Ashoknagar
MP68,Burhanpur
MP69,Alirajpur (upcoming)
MZ01,Aizawl
MZ02,Lunglei
MZ03,Saiha
MZ04,Champhai
MZ05,Kolasib
MZ06,Serchhip
MZ07,Lawngtlai
MZ08,Mamit
NL01,Kohima
NL02,Mokokchung
NL03,Tuensang
NL04,Mon
NL05,Wokha
NL06,Zunheboto
NL07,Dimapur
NL08,Phek
OR01,Balasore
OR02,Bhubaneswar
OR03,Bolangir
OR04,Chandikhole
OR05,Cuttack
OR06,Dhenkanal
OR07,Ganjam
OR08,Kalahandi
OR09,Keonjhar
OR10,Koraput
OR11,Mayurbhanj
OR12,Phulabani
OR13,Puri
OR14,Rourkela
OR15,Sambalpur
OR16,Sundergarh
OR17,Baragarh
OR18,Rayagada
OR19,Angul
OR20,Gajapati
OR21,Jagatsinghpur
OR22,Bhadrak
OR23,Jharsuguda
OR24,Nabarangpur
OR25,Nayagarh
OR26,Nuapada
OR27,Boudh
OR28,Debagarh
OR29,Kendarapara
OR30,Malkangiri
OR31,Sonepur
PB01,Taxis
PB02,Amritsar
PB03,Bathinda
PB04,Faridkot
PB05,Ferozepur
PB06,Gurdaspur
PB07,Hoshiarpur
PB08,Jalandhar
PB09,Kapurthala
PB10,Ludhiana
PB11,Patiala
PB12,Ropar
PB13,Sangrur
PB14,Ajnala
PB15,Abohar
PB16,Anandpur Sahib
PB17,Baba Bakala
PB18,Batala
PB19,Barnala
PB20,Balachaur
PB21,Dasua
PB22,Fazilka
PB23,Fatehgarh Sahib
PB24,Garhshankar
PB25,Jagraon
PB26,Khanna
PB27,Kharar
PB28,Malerkotla
PB29,Moga
PB30,Muktsar
PB31,Mansa
PB32,Nawanshahr
PB33,Nakodar
PB34,Nabha
PB35,Pathankot
PB36,Phagwara
PB37,Phillaur
PB38,Patti
PB39,Rajpura
PB40,Rampura Phul
PB41,Sultanpur Lodhi
PB42,Samana
PB43,Samrala
PB44,Sunam
PB45,Talwandi Sabo
PB46,Tarn Taran
PB47,Zira
PB48,Amloh
PB49,Khamano
PB50,Budhlada
PB51,Jhunir / Sardulgarh
PB52,Bassi Pathana
PB53,Malout
PB54,Mukerian
PB55,Payal
PB56,Raikot
PB57,Bhulath
PB58,Dera Baba Nanak
PB59,Dhuri
PB60,Gidderbaha
PB61,Jalalabad
PB62,Jaitu
PB63,Khadoor Sahib
PB64,Moonak
PB65,Mohali
PB66,Nihal Singh Wala
PB67,Shahkot
PB68,Dhar
PB69,Bagha Purana
PB70,Dera Bassi
PB71,Chamkaur Sahib
PB72,Patran
PB73,Tappa Mandi
PB74,Nangal
PB75,Lehra
PY01,Pondicherry
PY02,Karaikal
PY03,Mahe
PY04,Yanam
RJ01,Ajmer
RJ02,Alwar
RJ03,Banswara
RJ04,Barmer
RJ05,Bharatpur
RJ06,Bhilwara
RJ07,Bikaner
RJ08,Bundi
RJ09,Chittaurgarh
RJ10,Churu
RJ11,Dholpur
RJ12,Dungarpur
RJ13,Sri Ganganagar
RJ14,Jaipur
RJ15,Jaisalmer
RJ16,Jalore
RJ17,Jhalawar
RJ18,Jhunjhunu
RJ19,Jodhpur
RJ20,Kota
RJ21,Nagaur
RJ22,Pali
RJ23,Sikar
RJ24,Sirohi
RJ25,Sawai Madhopur
RJ26,Tonk
RJ27,Udaipur
RJ28,Baran
RJ29,Dausa
RJ30,Rajsamand
RJ31,Hanumangarh
RJ32,Kotputli
RJ33,Ramganj Mandi
RJ34,Karauli
RJ35,Pratapgarh
RJ36,Beawar
RJ37,Didwana
RJ38,Rawhhuu
SK01,"Gangtok, East Sikkim"
SK02,"Gyalshing, West Sikkim"
SK03,"Mangan, North Sikkim"
SK04,"Jorethang, South Sikkim"
TN01,Chennai Central (Ayanavaram)
TN02,Chennai West (Anna Nagar)
TN03,Chennai North East (Tondiarpet)
TN04,Chennai East (Basin Bridge)
TN05,Chennai North (Vyasarpadi)
TN06,Chennai South East (Mandaveli)
TN07,Chennai South (Thiruvanmiyur)
TN09,Chennai West (K.K. Nagar)
TN10,Chennai South West (Valasarawakkam)
TN11,Tambaram
TN16,Tindivanam
TN18,Sengundram
TN19,Chengalpattu
TN20,Tiruvallur
TN21,Kanchipuram
TN22,Meenambakkam
TN23,Vellore
TN24,Krishnagiri
TN25,Thiruvannamalai
TN28,Namakkal
TN29,Dharmapuri
TN30,Salem (West)
TN31,Cuddalore
TN32,Villupuram
TN33,Erode
TN34,Thiruchengode
TN36,Gobichettipalayam
TN37,Coimbatore (South)
TN38,Coimbatore (North)
TN39,Tirupur (North)
TN40,Mettupalayam
TN41,Pollachi
TN42,Tirupur (South)
TN43,Uthagamandalam
TN45,Tiruchirapalli
TN46,Perambalur
TN47,Karur
TN48,Srirangam (Tiruchirapalli)
TN49,Thanjavur
TN50,Tiruvarur
TN51,Nagapattinam
TN52,Sankagiri
TN54,Salem (East)
TN55,Pudukottai
TN56,Perundurai
TN57,Dindigul
TN58,Madurai (South)
TN59,Madurai (North)
TN60,Theni
TN61,Ariyalur
TN63,Sivagangai
TN64,Madurai (Central)
TN65,Ramanathapuram
TN66,Coimbatore (Central)
TN67,Virudhunagar
TN68,Kumbakonam
TN69,Tuticorin
TN70,Hosur
TN72,Tirunelveli
TN73,Ranipet
TN74,Nagercoil
TN75,Marthandam
TN76,Tenkasi
TN77,Attur
TN78,Dharapuram
"TN/N, TN/AN",State Transport Undertakings
"TN/G, TN/AG",State Government Vehicles
TR01,Agartala
TR02,Kailashahar
TR03,Udaipura
UK01,Almora
UK02,Bageshwar
UK03,Champawat
UK04,Nanital
UK05,Pithoragarh
UK06,Udham Singh Nagar
UA07,Dehra Dun (UK07TC for taxis)
UK08,Haridwar
UK09,Tehri
UK10,Uttarkashi
UK11,Chamoli
UK12,Pauri
UK13,Rudraprayag
UP01,Almora (not longer in use)
UP02,Haldwani (not longer in use�?)
UP03,Pithoragarh (not longer in use)
UP04,Udham Singh Nagar (not longer in use)
UP05,Chamoli (not longer in use)
UP06,Pauri (not longer in use)
UP07,Dehradun (not longer in use)
UP08,Tehri (not longer in use)
UP09,Uttarkashi (not longer in use)
UP10,Haridwar (not longer in use)
UP11,Saharanpur
UP12,Muzaffarnagar
UP13,Bulandshahr
UP14,Ghaziabad
UP15,"Meerut (UP15AT for taxis, UP15AG for government vehicles"
UP16,NOIDA / Gautam Buddha Nagar
UP17,Baghpat
UP18,Prabudh Nagar
UP20,Bijnor
UP21,Moradabad
UP22,Rampur
UP23,Jyotiba Phule Nagar
UP24,Badaun
UP25,Bareilly
UP26,Pilibhit
UP27,Shahjahanpur
UP28,Ayodhya
UP29,to be alloted
UP30,Hardoi
UP31,Kheri
UP32,Lucknow
UP33,Raebareli
"UP33T, AT, BT, CT & so on",Raebareli for commercial vehicles
"UP33G, AG, BG, CG & so on",Raebareli for government vehicles
UP34,Sitapur
UP35,Unnao
"UP35B, H, T",Unnao for commercial vehicles
UP36,Lucknow (when UP32 will be exhausted)
UP37,Hapur
UP40,Bahraich
UP41,Barabanki
UP42,Faizabad
UP43,Gonda
UP44,Sultanpur
UP45,Ambedkar Nagar
UP46,Shrawasti
UP47,Balrampur
UP50,Azamgarh
"UP50T, AT, BT,& so on",Azamgarh for commercial vehicles
"UP50, AG,BG & so on",Azamgarh for government vehicles
UP51,Basti
UP52,Deoria
UP53,Gorakhpur for private vehicles
"UP53T, AT, BT, CT & so on",Gorakhpur for commercial vehicles
UP53AG,Gorakhpur for government vehicles
UP54,Mau
UP55,Siddharth Nagar
UP56,Mahrajganj
UP57,Padrauna
UP58,Sant Kabir Nagar
UP59,to be alloted
UP60,Ballia
UP61,Ghazipur
UP62,Jaunpur
UP62T,"Jaunpur for taxis, private vehicle"
UP63,Mirzapur
UP64,Sonbhadra
UP65,Varanasi
UP66,Bhadohi
UP67,Chandauli
UP68,to be alloted
UP69,to be alloted
UP70,Allahabad
UP71,Fatehpur
UP72,Pratapgarh
UP73,Kaushambi
UP74,Kannauj
UP75,Etawah
UP75G,Etawah for government vehicles
UP76,Farrukhabad
UP77,Kanpur Dehat (rural)
UP78,Kanpur  Urban
"UP78G, AG, BG, CG & so on",Kanpur Government Vehicles
"UP78AN, BN, CN & so on",Kanpur CNG Vehicles
"UP78AT, BT, CT & so on",Kanpur CNG Vehicles
UP79,Auraiya
UP80,Agra
UP81,Aligarh
UP82,Etah
UP83,Firozabad
UP84,Mainpuri
UP85,Mathura
UP86,Mahamaya Nagar
UP87,Kanshiram Nagar
UP88,to be alloted
UP89,to be alloted
UP90,Banda
UP91,Hamirpur
UP92,Jalaun
UP93,Jhansi
UP93E,Jhansi for public transport
UP93AG,Jhansi for government vehicles
UP94,Lalitpur
UP95,Mahoba
UP95B,Mahoba for commercial vehicles
UP95G,Mahoba for government vehicles
UP96,Chitrakoot Dham (Karwi)
WB01,Kolkata (twowheelers)  exhausted
WB02,Kolkata (private fourwheelers)
WB03,Kolkata (goods carriages)
WB04,Kolkata (passenger vehicles)
WB05,"Kolkata (tractors, trailers, cranes)"
WB06,Kolkata (private fourwheelers)
WB07,Kolkata (twowheelers)
WB08,Kolkata  to be used
WB09,Kolkata  to be used
WB10,Kolkata  to be used
WB11,Howrah (transport vehicles)
WB12,"Howrah (other than transport vehicles),"
WB13,Howrah  to be used
WB14,Howrah (other than transport vehicles)  till WB14 K
WB15,Hooghly (transport vehicles)
WB16,Hooghly (other than transport vehicles)  exhausted
WB18,Hooghly (other than transport vehicles)
WB19,"South 24 Parganas, Alipore (transport vehicles)"
WB20,"South 24 Parganas, Alipore (other than transport vehicles)  exhausted for twowheelers"
WB22,"South 24 Parganas, Alipore (other than transport vehicles)"
WB23,Barrackpore (transport vehicles)
WB24,Barrackpore (other than transport vehicles)
WB25,Barasat (transport vehicles)
WB26,Barasat (other than transport vehicles)
WB29,Tamluk (transport vehicles)
WB30,Tamluk (other than transport vehicles)
WB31,Contai (transport vehicles)
WB32,Contai (other than transport vehicles)
WB33,Midnapur (transport vehicles)
WB34,Midnapur (other than transport vehicles)
WB37,Asansol (transport vehicles)
WB38,Asansol (other than transport vehicles)
WB39,Durgapur (transport vehicles)
WB40,Durgapur (other than transport vehicles)
WB41,Burdwan (transport vehicles)
WB42,Burdwan (other than transport vehicles)
WB44,Asansol (other than transport vehicles)
WB51,Nadia (transport vehicles)
WB52,Nadia (other than transport vehicles)
WB53,Birbhum (transport vehicles)
WB54,Birbhum (other than transport vehicles)
WB55,Purulia (transport vehicles)
WB56,Purulia (other than transport vehicles)
WB57,Murshidabad (transport vehicles)
WB58,Murshidabad (other than transport vehicles)
WB59,Raiganj (transport vehicles)
WB60,Raiganj (other than transport vehicles)
WB61,Balurghat (transport vehicles)
WB62,Balurghat (other than transport vehicles)
WB63,Cooch Behar (transport vehicles)
WB64,Cooch Behar (other than transport vehicles)
WB65,Malda (transport vehicles)
WB66,Malda (other than transport vehicles)
WB67,Bankura (transport vehicles)
WB68,Bankura (other than transport vehicles)
WB69,Alipurduar (transport vehicles)
WB70,Alipurduar (other than transport vehicles)
WB71,Jalpaiguri (transport vehicles)
WB72,Jalpaiguri (other than transport vehicles)
WB73,Siliguri (transport vehicles)
WB74,Siliguri (other than transport vehicles)
WB76,Darjeeling (transport vehicles)
WB77,Darjeeling (other than transport vehicles)
WB78,Kalimpong (transport vehicles)
WB79,Kalimpong (other than transport vehicles)
